Product,Model,MAE,RMSE,MAPE,WMAPE
Headphones,Prophet,28177.90586691303,29484.23921174073,30.467410237268467,30.332544459786806
Headphones,ARIMA,5670.635808559052,6509.829673313739,6.282189513207976,6.104243998499104
Headphones,LSTM,2912.1314894755633,3884.584161741942,3.0183389405420216,3.134809176184524
Laptop,Prophet,19251.05232479896,21207.06383618466,18.18472485643371,18.748376073401165
Laptop,ARIMA,11721.549826355933,14159.470245525834,12.104561657159115,11.415481117597873
Laptop,LSTM,6907.072624074431,7350.510517080722,6.582467721823111,6.72671773665202
